{
  "n_samples": 50,
  "valid_L_temp_delta_mean": 0.039984011854976416,
  "valid_L_temp_delta_std": 0.029985477902675216,
  "valid_L_temp_abs_mean": 0.05254735238850117,
  "per_frame_cos_mean": {
    "1": 0.7020053562521934,
    "2": 0.6251492631435395,
    "3": 0.6329408401250839,
    "4": 0.5471284805238247,
    "5": 0.5480240705609322,
    "6": 0.5592514091730117,
    "7": 0.5019801725447178,
    "8": 0.5078651185333729
  },
  "flow_traj_pearson_r": 0.35922771692276,
  "flow_traj_pearson_p": 3.74535059774354e-15,
  "flow_traj_PASS": "True",
  "flow_traj_spearman_mean": 0.31191652381475327,
  "flow_traj_spearman_std": 0.2886918291522877,
  "fast_slow_cosine_mean": -0.036408784016966816,
  "fast_slow_cosine_std": 0.0021294232064775513,
  "fast_slow_cosine_median": -0.0370161347091198,
  "fast_slow_independence_note": "Lower = more independent. P0 baseline ~0.9+",
  "gating_alpha_mot_mean": 0.554375,
  "gating_alpha_mot_high_dyn_mean": 0.55453125,
  "gating_alpha_mot_low_dyn_mean": 0.55421875,
  "gating_alpha_mot_dyn_spearman": 0.14744195615489714,
  "gating_alpha_mot_dyn_p": 0.3068753892778569,
  "gating_alpha_key_mean": 0.431953125,
  "gating_alpha_txt_mean": 0.0054022216796875,
  "gating_alpha_brain_mean": 0.0078125,
  "checks": {
    "1_temporal_learnability": {
      "pass": true,
      "note": "valid L_temp_delta should decrease"
    },
    "2_flow_traj_pearson": {
      "pass": "True",
      "note": "Pearson r > 0.3"
    },
    "3_fast_slow_independence": {
      "pass": true,
      "note": "cosine < 0.85 (lower = better)"
    },
    "4_gating_behavior": {
      "pass": true,
      "note": "alpha_mot correlates with dynamics"
    }
  },
  "checks_passed": 4,
  "checks_total": 4
}