{
  "n_samples": 50,
  "valid_L_temp_delta_mean": 0.0396936017088592,
  "valid_L_temp_delta_std": 0.029897961427788285,
  "valid_L_temp_abs_mean": 0.05241520792245865,
  "per_frame_cos_mean": {
    "1": 0.7025479146838188,
    "2": 0.6262203031778335,
    "3": 0.6343941870331764,
    "4": 0.5486065630614757,
    "5": 0.548873993754387,
    "6": 0.5599392274022102,
    "7": 0.5130254842340947,
    "8": 0.5085902395844459
  },
  "flow_traj_pearson_r": 0.3594217896461487,
  "flow_traj_pearson_p": 3.611486284202177e-15,
  "flow_traj_PASS": "True",
  "flow_traj_spearman_mean": 0.32228598477812426,
  "flow_traj_spearman_std": 0.26714894916741766,
  "fast_slow_cosine_mean": -0.03648720271885395,
  "fast_slow_cosine_std": 0.0021110987557765725,
  "fast_slow_cosine_median": -0.03709231689572334,
  "fast_slow_independence_note": "Lower = more independent. P0 baseline ~0.9+",
  "gating_alpha_mot_mean": 0.53421875,
  "gating_alpha_mot_high_dyn_mean": 0.534375,
  "gating_alpha_mot_low_dyn_mean": 0.5340625,
  "gating_alpha_mot_dyn_spearman": 0.0936585811581694,
  "gating_alpha_mot_dyn_p": 0.5176707962970502,
  "gating_alpha_key_mean": 0.4169140625,
  "gating_alpha_txt_mean": 0.043359375,
  "gating_alpha_brain_mean": 0.00390625,
  "checks": {
    "1_temporal_learnability": {
      "pass": true,
      "note": "valid L_temp_delta should decrease"
    },
    "2_flow_traj_pearson": {
      "pass": "True",
      "note": "Pearson r > 0.3"
    },
    "3_fast_slow_independence": {
      "pass": true,
      "note": "cosine < 0.85 (lower = better)"
    },
    "4_gating_behavior": {
      "pass": true,
      "note": "alpha_mot correlates with dynamics"
    }
  },
  "checks_passed": 4,
  "checks_total": 4
}