{
  "n_samples": 50,
  "valid_L_temp_delta_mean": 0.04011209417134523,
  "valid_L_temp_delta_std": 0.029551004912766625,
  "valid_L_temp_abs_mean": 0.051983038038015364,
  "per_frame_cos_mean": {
    "1": 0.6930411952733994,
    "2": 0.6169260141253471,
    "3": 0.6248411998152733,
    "4": 0.5370208919048309,
    "5": 0.5421435713768006,
    "6": 0.5532197430729866,
    "7": 0.49774356245994567,
    "8": 0.5032432705163956
  },
  "flow_traj_pearson_r": 0.3597119152545929,
  "flow_traj_pearson_p": 3.420079268979561e-15,
  "flow_traj_PASS": "True",
  "flow_traj_spearman_mean": 0.330114421364619,
  "flow_traj_spearman_std": 0.2877576580614431,
  "fast_slow_cosine_mean": -0.03705584071576595,
  "fast_slow_cosine_std": 0.0019895995715063226,
  "fast_slow_cosine_median": -0.037563715130090714,
  "fast_slow_independence_note": "Lower = more independent. P0 baseline ~0.9+",
  "gating_alpha_mot_mean": 0.573203125,
  "gating_alpha_mot_high_dyn_mean": 0.5715625,
  "gating_alpha_mot_low_dyn_mean": 0.57484375,
  "gating_alpha_mot_dyn_spearman": -0.14660244012982898,
  "gating_alpha_mot_dyn_p": 0.3096682389589149,
  "gating_alpha_key_mean": 0.3640234375,
  "gating_alpha_txt_mean": 0.0624169921875,
  "gating_alpha_brain_mean": 0.0003125,
  "checks": {
    "1_temporal_learnability": {
      "pass": true,
      "note": "valid L_temp_delta should decrease"
    },
    "2_flow_traj_pearson": {
      "pass": "True",
      "note": "Pearson r > 0.3"
    },
    "3_fast_slow_independence": {
      "pass": true,
      "note": "cosine < 0.85 (lower = better)"
    },
    "4_gating_behavior": {
      "pass": false,
      "note": "alpha_mot correlates with dynamics"
    }
  },
  "checks_passed": 3,
  "checks_total": 4
}