{
  "n_samples": 50,
  "valid_L_temp_delta_mean": 0.039720075875520705,
  "valid_L_temp_delta_std": 0.02988468423220725,
  "valid_L_temp_abs_mean": 0.052347308322787285,
  "per_frame_cos_mean": {
    "1": 0.7024250441789627,
    "2": 0.6258209210634231,
    "3": 0.6339003327488899,
    "4": 0.5479678797721863,
    "5": 0.5484931507706642,
    "6": 0.5595350614190102,
    "7": 0.5126828506588936,
    "8": 0.5081552866101265
  },
  "flow_traj_pearson_r": 0.3596031963825226,
  "flow_traj_pearson_p": 3.490609746813465e-15,
  "flow_traj_PASS": "True",
  "flow_traj_spearman_mean": 0.32828265002878004,
  "flow_traj_spearman_std": 0.27370907672493017,
  "fast_slow_cosine_mean": -0.036616690829396246,
  "fast_slow_cosine_std": 0.002119924423101367,
  "fast_slow_cosine_median": -0.037234952673316,
  "fast_slow_independence_note": "Lower = more independent. P0 baseline ~0.9+",
  "gating_alpha_mot_mean": 0.550234375,
  "gating_alpha_mot_high_dyn_mean": 0.5503125,
  "gating_alpha_mot_low_dyn_mean": 0.55015625,
  "gating_alpha_mot_dyn_spearman": 0.0576390417704235,
  "gating_alpha_mot_dyn_p": 0.6909310999463966,
  "gating_alpha_key_mean": 0.4058203125,
  "gating_alpha_txt_mean": 0.03736328125,
  "gating_alpha_brain_mean": 0.00390625,
  "checks": {
    "1_temporal_learnability": {
      "pass": true,
      "note": "valid L_temp_delta should decrease"
    },
    "2_flow_traj_pearson": {
      "pass": "True",
      "note": "Pearson r > 0.3"
    },
    "3_fast_slow_independence": {
      "pass": true,
      "note": "cosine < 0.85 (lower = better)"
    },
    "4_gating_behavior": {
      "pass": true,
      "note": "alpha_mot correlates with dynamics"
    }
  },
  "checks_passed": 4,
  "checks_total": 4
}