{
  "n_samples": 50,
  "valid_L_temp_delta_mean": 0.03926248174160719,
  "valid_L_temp_delta_std": 0.029319648552665414,
  "valid_L_temp_abs_mean": 0.05146748773753643,
  "per_frame_cos_mean": {
    "1": 0.6942918130755424,
    "2": 0.6236405411362648,
    "3": 0.6345122665166855,
    "4": 0.5494697165489196,
    "5": 0.5371361026167869,
    "6": 0.5633576261997223,
    "7": 0.5141209968179464,
    "8": 0.5057239000499248
  },
  "flow_traj_pearson_r": 0.3602837920188904,
  "flow_traj_pearson_p": 3.0714857531275228e-15,
  "flow_traj_PASS": "True",
  "flow_traj_spearman_mean": 0.36314344790476333,
  "flow_traj_spearman_std": 0.24110646153926107,
  "fast_slow_cosine_mean": 0.005121668255887926,
  "fast_slow_cosine_std": 0.0027644132214528936,
  "fast_slow_cosine_median": 0.005667407065629959,
  "fast_slow_independence_note": "Lower = more independent. P0 baseline ~0.9+",
  "gating_alpha_mot_mean": 0.6009765625,
  "gating_alpha_mot_high_dyn_mean": 0.600390625,
  "gating_alpha_mot_low_dyn_mean": 0.6015625,
  "gating_alpha_mot_dyn_spearman": 0.0790333797388685,
  "gating_alpha_mot_dyn_p": 0.5853615071967722,
  "gating_alpha_key_mean": 0.5434375,
  "gating_alpha_txt_mean": 0.44150390625,
  "gating_alpha_brain_mean": 0.85828125,
  "checks": {
    "1_temporal_learnability": {
      "pass": true,
      "note": "valid L_temp_delta should decrease"
    },
    "2_flow_traj_pearson": {
      "pass": "True",
      "note": "Pearson r > 0.3"
    },
    "3_fast_slow_independence": {
      "pass": true,
      "note": "cosine < 0.85 (lower = better)"
    },
    "4_gating_behavior": {
      "pass": true,
      "note": "alpha_mot correlates with dynamics"
    }
  },
  "checks_passed": 4,
  "checks_total": 4
}