{
  "n_samples": 50,
  "valid_L_temp_delta_mean": 0.039630938470363614,
  "valid_L_temp_delta_std": 0.02994465573034725,
  "valid_L_temp_abs_mean": 0.052582334131002426,
  "per_frame_cos_mean": {
    "1": 0.6922884550690651,
    "2": 0.6247069901227951,
    "3": 0.6339543798565864,
    "4": 0.548553866147995,
    "5": 0.5376413697004319,
    "6": 0.5632575526833534,
    "7": 0.5138114650547504,
    "8": 0.5055578008294106
  },
  "flow_traj_pearson_r": 0.36142390966415405,
  "flow_traj_pearson_p": 2.477362388277108e-15,
  "flow_traj_PASS": "True",
  "flow_traj_spearman_mean": 0.3864187596441751,
  "flow_traj_spearman_std": 0.2521401240062425,
  "fast_slow_cosine_mean": 0.012690374534577132,
  "fast_slow_cosine_std": 0.0018378015739446043,
  "fast_slow_cosine_median": 0.012973441742360592,
  "fast_slow_independence_note": "Lower = more independent. P0 baseline ~0.9+",
  "gating_alpha_mot_mean": 0.55984375,
  "gating_alpha_mot_high_dyn_mean": 0.559375,
  "gating_alpha_mot_low_dyn_mean": 0.5603125,
  "gating_alpha_mot_dyn_spearman": 0.10537277523564237,
  "gating_alpha_mot_dyn_p": 0.4664399998734037,
  "gating_alpha_key_mean": 0.5370703125,
  "gating_alpha_txt_mean": 0.4127734375,
  "gating_alpha_brain_mean": 0.89421875,
  "checks": {
    "1_temporal_learnability": {
      "pass": true,
      "note": "valid L_temp_delta should decrease"
    },
    "2_flow_traj_pearson": {
      "pass": "True",
      "note": "Pearson r > 0.3"
    },
    "3_fast_slow_independence": {
      "pass": true,
      "note": "cosine < 0.85 (lower = better)"
    },
    "4_gating_behavior": {
      "pass": true,
      "note": "alpha_mot correlates with dynamics"
    }
  },
  "checks_passed": 4,
  "checks_total": 4
}