{
  "n_samples": 50,
  "valid_L_temp_delta_mean": 0.03943686280399561,
  "valid_L_temp_delta_std": 0.02975970871790774,
  "valid_L_temp_abs_mean": 0.05078221090137958,
  "per_frame_cos_mean": {
    "1": 0.6833883647620678,
    "2": 0.6238124203681946,
    "3": 0.6328664121031761,
    "4": 0.5460003432631493,
    "5": 0.5466866621375084,
    "6": 0.5618644082546234,
    "7": 0.5160380047559738,
    "8": 0.5068294100463391
  },
  "flow_traj_pearson_r": 0.358317494392395,
  "flow_traj_pearson_p": 4.441020976642527e-15,
  "flow_traj_PASS": "True",
  "flow_traj_spearman_mean": 0.3525108688924051,
  "flow_traj_spearman_std": 0.22501890307319233,
  "fast_slow_cosine_mean": -0.00223181726410985,
  "fast_slow_cosine_std": 0.0016318139742768276,
  "fast_slow_cosine_median": -0.002299250802025199,
  "fast_slow_independence_note": "Lower = more independent. P0 baseline ~0.9+",
  "gating_alpha_mot_mean": 0.7975,
  "gating_alpha_mot_high_dyn_mean": 0.79703125,
  "gating_alpha_mot_low_dyn_mean": 0.79796875,
  "gating_alpha_mot_dyn_spearman": 0.01248225477624577,
  "gating_alpha_mot_dyn_p": 0.9314395929929961,
  "gating_alpha_key_mean": 0.6953125,
  "gating_alpha_txt_mean": 0.4101171875,
  "gating_alpha_brain_mean": 0.983046875,
  "checks": {
    "1_temporal_learnability": {
      "pass": true,
      "note": "valid L_temp_delta should decrease"
    },
    "2_flow_traj_pearson": {
      "pass": "True",
      "note": "Pearson r > 0.3"
    },
    "3_fast_slow_independence": {
      "pass": true,
      "note": "cosine < 0.85 (lower = better)"
    },
    "4_gating_behavior": {
      "pass": false,
      "note": "alpha_mot correlates with dynamics"
    }
  },
  "checks_passed": 3,
  "checks_total": 4
}