{
  "n_samples": 50,
  "valid_L_temp_delta_mean": 0.04230083792470395,
  "valid_L_temp_delta_std": 0.038162715744632515,
  "valid_L_temp_abs_mean": 0.05370798997581005,
  "per_frame_cos_mean": {
    "1": 0.57917415343225,
    "2": 0.5221071156859398,
    "3": 0.5323488181829452,
    "4": 0.4698037268966436,
    "5": 0.42353826329112054,
    "6": 0.49226357087492945,
    "7": 0.4400114810094237,
    "8": 0.4486113045364618
  },
  "flow_traj_pearson_r": 0.2995559275150299,
  "flow_traj_pearson_p": 8.790578277050675e-11,
  "flow_traj_PASS": "False",
  "flow_traj_spearman_mean": 0.3713507123983485,
  "flow_traj_spearman_std": 0.2371427164744585,
  "fast_slow_cosine_mean": 0.011620597708970308,
  "fast_slow_cosine_std": 0.007544203774665347,
  "fast_slow_cosine_median": 0.013537326827645302,
  "fast_slow_independence_note": "Lower = more independent. P0 baseline ~0.9+",
  "gating_alpha_mot_mean": 0.607265625,
  "gating_alpha_mot_high_dyn_mean": 0.6109375,
  "gating_alpha_mot_low_dyn_mean": 0.60359375,
  "gating_alpha_mot_dyn_spearman": 0.030517315134101084,
  "gating_alpha_mot_dyn_p": 0.8333703315444376,
  "gating_alpha_key_mean": 0.96890625,
  "gating_alpha_txt_mean": 0.984609375,
  "gating_alpha_brain_mean": 0.01287109375,
  "checks": {
    "1_temporal_learnability": {
      "pass": true,
      "note": "valid L_temp_delta should decrease"
    },
    "2_flow_traj_pearson": {
      "pass": "False",
      "note": "Pearson r > 0.3"
    },
    "3_fast_slow_independence": {
      "pass": true,
      "note": "cosine < 0.85 (lower = better)"
    },
    "4_gating_behavior": {
      "pass": false,
      "note": "alpha_mot correlates with dynamics"
    }
  },
  "checks_passed": 2,
  "checks_total": 4
}