{
  "n_samples": 540,
  "valid_L_temp_delta_mean": 0.04433612438108496,
  "valid_L_temp_delta_std": 0.036349384840909715,
  "valid_L_temp_abs_mean": 0.05030876536060263,
  "per_frame_cos_mean": {
    "1": 0.5574899457136376,
    "2": 0.49976860331371425,
    "3": 0.5338928851281741,
    "4": 0.45867510321118904,
    "5": 0.4358770559334921,
    "6": 0.4543090648776679,
    "7": 0.41340432099791036,
    "8": 0.40836293522992895
  },
  "flow_traj_pearson_r": 0.298623263835907,
  "flow_traj_pearson_p": 1.119808744756955e-100,
  "flow_traj_PASS": "False",
  "flow_traj_spearman_mean": 0.31969140270333035,
  "flow_traj_spearman_std": 0.2910564432036388,
  "fast_slow_cosine_mean": -0.03980525242923586,
  "fast_slow_cosine_std": 0.0023237613590081775,
  "fast_slow_cosine_median": -0.03990749083459377,
  "fast_slow_independence_note": "Lower = more independent. P0 baseline ~0.9+",
  "gating_alpha_mot_mean": 1.7672013543881506e-16,
  "gating_alpha_mot_high_dyn_mean": 1.79283671242203e-16,
  "gating_alpha_mot_low_dyn_mean": 1.7415659963542712e-16,
  "gating_alpha_mot_dyn_spearman": 0.034260504330312205,
  "gating_alpha_mot_dyn_p": 0.4268866278230604,
  "gating_alpha_key_mean": 1.0,
  "gating_alpha_txt_mean": 9.573313066752326e-36,
  "gating_alpha_brain_mean": 1.0,
  "checks": {
    "1_temporal_learnability": {
      "pass": true,
      "note": "valid L_temp_delta should decrease"
    },
    "2_flow_traj_pearson": {
      "pass": "False",
      "note": "Pearson r > 0.3"
    },
    "3_fast_slow_independence": {
      "pass": true,
      "note": "cosine < 0.85 (lower = better)"
    },
    "4_gating_behavior": {
      "pass": false,
      "note": "alpha_mot correlates with dynamics"
    }
  },
  "checks_passed": 2,
  "checks_total": 4
}