{
  "n_samples": 540,
  "valid_L_temp_delta_mean": 0.044375885683284315,
  "valid_L_temp_delta_std": 0.036531776926653964,
  "valid_L_temp_abs_mean": 0.05026713184736393,
  "per_frame_cos_mean": {
    "1": 0.5584087771208336,
    "2": 0.5050823273206199,
    "3": 0.5340178904304694,
    "4": 0.4634958373020507,
    "5": 0.43705696585346704,
    "6": 0.4600585201375738,
    "7": 0.4155758311903035,
    "8": 0.41067913400906103
  },
  "flow_traj_pearson_r": 0.2987983822822571,
  "flow_traj_pearson_p": 8.466713014271958e-101,
  "flow_traj_PASS": "False",
  "flow_traj_spearman_mean": 0.34632229935521713,
  "flow_traj_spearman_std": 0.2673844294621505,
  "fast_slow_cosine_mean": -0.034039634083294204,
  "fast_slow_cosine_std": 0.0025652908346806666,
  "fast_slow_cosine_median": -0.034179434180259705,
  "fast_slow_independence_note": "Lower = more independent. P0 baseline ~0.9+",
  "gating_alpha_mot_mean": 0.0,
  "gating_alpha_mot_high_dyn_mean": 0.0,
  "gating_alpha_mot_low_dyn_mean": 0.0,
  "gating_alpha_mot_dyn_spearman": NaN,
  "gating_alpha_mot_dyn_p": NaN,
  "gating_alpha_key_mean": 0.0,
  "gating_alpha_txt_mean": 0.0,
  "gating_alpha_brain_mean": 1.0,
  "checks": {
    "1_temporal_learnability": {
      "pass": true,
      "note": "valid L_temp_delta should decrease"
    },
    "2_flow_traj_pearson": {
      "pass": "False",
      "note": "Pearson r > 0.3"
    },
    "3_fast_slow_independence": {
      "pass": true,
      "note": "cosine < 0.85 (lower = better)"
    },
    "4_gating_behavior": {
      "pass": false,
      "note": "alpha_mot correlates with dynamics"
    }
  },
  "checks_passed": 2,
  "checks_total": 4
}