{
  "n_samples": 540,
  "valid_L_temp_delta_mean": 0.04600046779184292,
  "valid_L_temp_delta_std": 0.036836684386784425,
  "valid_L_temp_abs_mean": 0.05222538930053512,
  "per_frame_cos_mean": {
    "1": 0.4857169901555473,
    "2": 0.4628430019003443,
    "3": 0.4992682323532386,
    "4": 0.41213605094839023,
    "5": 0.39060495976289666,
    "6": 0.4085259337392118,
    "7": 0.38087729612468846,
    "8": 0.3800307508575282
  },
  "flow_traj_pearson_r": 0.2989286184310913,
  "flow_traj_pearson_p": 6.876266391550874e-101,
  "flow_traj_PASS": "False",
  "flow_traj_spearman_mean": 0.35290248109473327,
  "flow_traj_spearman_std": 0.30049136164300294,
  "fast_slow_cosine_mean": -0.03378821619337907,
  "fast_slow_cosine_std": 0.006045879436621783,
  "fast_slow_cosine_median": -0.03183499351143837,
  "fast_slow_independence_note": "Lower = more independent. P0 baseline ~0.9+",
  "gating_alpha_mot_mean": 2.1316282072803006e-12,
  "gating_alpha_mot_high_dyn_mean": 2.1316282072803006e-12,
  "gating_alpha_mot_low_dyn_mean": 2.1316282072803006e-12,
  "gating_alpha_mot_dyn_spearman": NaN,
  "gating_alpha_mot_dyn_p": NaN,
  "gating_alpha_key_mean": 3.032317316090619e-08,
  "gating_alpha_txt_mean": 2.9578808538291114e-14,
  "gating_alpha_brain_mean": 1.0,
  "checks": {
    "1_temporal_learnability": {
      "pass": true,
      "note": "valid L_temp_delta should decrease"
    },
    "2_flow_traj_pearson": {
      "pass": "False",
      "note": "Pearson r > 0.3"
    },
    "3_fast_slow_independence": {
      "pass": true,
      "note": "cosine < 0.85 (lower = better)"
    },
    "4_gating_behavior": {
      "pass": false,
      "note": "alpha_mot correlates with dynamics"
    }
  },
  "checks_passed": 2,
  "checks_total": 4
}