{
  "n_samples": 50,
  "valid_L_temp_delta_mean": 0.039750956594944,
  "valid_L_temp_delta_std": 0.029865140385166074,
  "valid_L_temp_abs_mean": 0.05242343872785568,
  "per_frame_cos_mean": {
    "1": 0.701263539493084,
    "2": 0.6241754740476608,
    "3": 0.6318956092000008,
    "4": 0.5459964188933373,
    "5": 0.5471187847852707,
    "6": 0.5583561867475509,
    "7": 0.5111218473315239,
    "8": 0.5068949091434479
  },
  "flow_traj_pearson_r": 0.3595624268054962,
  "flow_traj_pearson_p": 3.517424991370794e-15,
  "flow_traj_PASS": "True",
  "flow_traj_spearman_mean": 0.318458401291545,
  "flow_traj_spearman_std": 0.2803520900486887,
  "fast_slow_cosine_mean": -0.036978694722056386,
  "fast_slow_cosine_std": 0.0021181711334037467,
  "fast_slow_cosine_median": -0.037614237517118454,
  "fast_slow_independence_note": "Lower = more independent. P0 baseline ~0.9+",
  "gating_alpha_mot_mean": 0.52734375,
  "gating_alpha_mot_high_dyn_mean": 0.52734375,
  "gating_alpha_mot_low_dyn_mean": 0.52734375,
  "gating_alpha_mot_dyn_spearman": NaN,
  "gating_alpha_mot_dyn_p": NaN,
  "gating_alpha_key_mean": 0.4296875,
  "gating_alpha_txt_mean": 0.014217529296875,
  "gating_alpha_brain_mean": 0.03125,
  "checks": {
    "1_temporal_learnability": {
      "pass": true,
      "note": "valid L_temp_delta should decrease"
    },
    "2_flow_traj_pearson": {
      "pass": "True",
      "note": "Pearson r > 0.3"
    },
    "3_fast_slow_independence": {
      "pass": true,
      "note": "cosine < 0.85 (lower = better)"
    },
    "4_gating_behavior": {
      "pass": false,
      "note": "alpha_mot correlates with dynamics"
    }
  },
  "checks_passed": 3,
  "checks_total": 4
}