{
  "n_samples": 540,
  "valid_L_temp_delta_mean": 0.044205491253416294,
  "valid_L_temp_delta_std": 0.036474046336945565,
  "valid_L_temp_abs_mean": 0.05017947097205454,
  "per_frame_cos_mean": {
    "1": 0.5602598963201874,
    "2": 0.5028920233560105,
    "3": 0.5379397057841911,
    "4": 0.46313467794701596,
    "5": 0.4403325600221891,
    "6": 0.46076920581636605,
    "7": 0.41791998699859334,
    "8": 0.41344427802272277
  },
  "flow_traj_pearson_r": 0.29921868443489075,
  "flow_traj_pearson_p": 4.3244077746746076e-101,
  "flow_traj_PASS": "False",
  "flow_traj_spearman_mean": 0.37041833701248494,
  "flow_traj_spearman_std": 0.2637243208541207,
  "fast_slow_cosine_mean": 0.01030117421997366,
  "fast_slow_cosine_std": 0.006061647312187367,
  "fast_slow_cosine_median": 0.00962392520159483,
  "fast_slow_independence_note": "Lower = more independent. P0 baseline ~0.9+",
  "gating_alpha_mot_mean": 0.9507740162037037,
  "gating_alpha_mot_high_dyn_mean": 0.9326244212962963,
  "gating_alpha_mot_low_dyn_mean": 0.9689236111111111,
  "gating_alpha_mot_dyn_spearman": -0.14489084756071283,
  "gating_alpha_mot_dyn_p": 0.0007328292461187462,
  "gating_alpha_key_mean": 0.9353081597222223,
  "gating_alpha_txt_mean": 0.20113724602593316,
  "gating_alpha_brain_mean": 0.9867693865740741,
  "checks": {
    "1_temporal_learnability": {
      "pass": true,
      "note": "valid L_temp_delta should decrease"
    },
    "2_flow_traj_pearson": {
      "pass": "False",
      "note": "Pearson r > 0.3"
    },
    "3_fast_slow_independence": {
      "pass": true,
      "note": "cosine < 0.85 (lower = better)"
    },
    "4_gating_behavior": {
      "pass": false,
      "note": "alpha_mot correlates with dynamics"
    }
  },
  "checks_passed": 2,
  "checks_total": 4
}