{
  "n_samples": 50,
  "valid_L_temp_delta_mean": 0.04677767416462302,
  "valid_L_temp_delta_std": 0.030860822511293132,
  "valid_L_temp_abs_mean": 0.051938306018710134,
  "per_frame_cos_mean": {
    "1": 0.663062519133091,
    "2": 0.5964766240119934,
    "3": 0.592569160759449,
    "4": 0.522102857530117,
    "5": 0.5170212289690972,
    "6": 0.5312610012292862,
    "7": 0.4803296633064747,
    "8": 0.48386001870036127
  },
  "flow_traj_pearson_r": -0.35971784591674805,
  "flow_traj_pearson_p": 3.4162722879545387e-15,
  "flow_traj_PASS": "False",
  "flow_traj_spearman_mean": -0.3658201452645823,
  "flow_traj_spearman_std": 0.28698916010950853,
  "fast_slow_cosine_mean": -0.03913923144340515,
  "fast_slow_cosine_std": 0.001997810081775868,
  "fast_slow_cosine_median": -0.0398257952183485,
  "fast_slow_independence_note": "Lower = more independent. P0 baseline ~0.9+",
  "gating_alpha_mot_mean": 0.59140625,
  "gating_alpha_mot_high_dyn_mean": 0.58953125,
  "gating_alpha_mot_low_dyn_mean": 0.59328125,
  "gating_alpha_mot_dyn_spearman": -0.16748443899056303,
  "gating_alpha_mot_dyn_p": 0.24500247491018567,
  "gating_alpha_key_mean": 0.163125,
  "gating_alpha_txt_mean": 0.24546875,
  "gating_alpha_brain_mean": 0.0,
  "checks": {
    "1_temporal_learnability": {
      "pass": true,
      "note": "valid L_temp_delta should decrease"
    },
    "2_flow_traj_pearson": {
      "pass": "False",
      "note": "Pearson r > 0.3"
    },
    "3_fast_slow_independence": {
      "pass": true,
      "note": "cosine < 0.85 (lower = better)"
    },
    "4_gating_behavior": {
      "pass": false,
      "note": "alpha_mot correlates with dynamics"
    }
  },
  "checks_passed": 2,
  "checks_total": 4
}