{
  "n_samples": 540,
  "valid_L_temp_delta_mean": 0.04429103572835663,
  "valid_L_temp_delta_std": 0.03645471136956505,
  "valid_L_temp_abs_mean": 0.050323492516246106,
  "per_frame_cos_mean": {
    "1": 0.5662948053226703,
    "2": 0.5055682585566064,
    "3": 0.5360873865170611,
    "4": 0.4636900960088328,
    "5": 0.4351266277367594,
    "6": 0.4609962689000423,
    "7": 0.4113690842460427,
    "8": 0.4116508303589567
  },
  "flow_traj_pearson_r": 0.2981530427932739,
  "flow_traj_pearson_p": 2.3701766746083884e-100,
  "flow_traj_PASS": "False",
  "flow_traj_spearman_mean": 0.31799590888750384,
  "flow_traj_spearman_std": 0.268843852002939,
  "fast_slow_cosine_mean": -0.029184746331776732,
  "fast_slow_cosine_std": 0.0036051118796565688,
  "fast_slow_cosine_median": -0.02960534580051899,
  "fast_slow_independence_note": "Lower = more independent. P0 baseline ~0.9+",
  "gating_alpha_mot_mean": 0.3435474537037037,
  "gating_alpha_mot_high_dyn_mean": 0.3491608796296296,
  "gating_alpha_mot_low_dyn_mean": 0.33793402777777776,
  "gating_alpha_mot_dyn_spearman": 0.12308463990725967,
  "gating_alpha_mot_dyn_p": 0.0041766843020795644,
  "gating_alpha_key_mean": 0.5999204282407408,
  "gating_alpha_txt_mean": 0.8380461516203703,
  "gating_alpha_brain_mean": 0.4362919560185185,
  "checks": {
    "1_temporal_learnability": {
      "pass": true,
      "note": "valid L_temp_delta should decrease"
    },
    "2_flow_traj_pearson": {
      "pass": "False",
      "note": "Pearson r > 0.3"
    },
    "3_fast_slow_independence": {
      "pass": true,
      "note": "cosine < 0.85 (lower = better)"
    },
    "4_gating_behavior": {
      "pass": true,
      "note": "alpha_mot correlates with dynamics"
    }
  },
  "checks_passed": 3,
  "checks_total": 4
}